date,client,pipeline,agent,model,input_tokens,output_tokens,cost_usd,duration_ms,status
2026-05-14,agilemind,scout,sage,haiku,,,,704838,complete
2026-05-14,agilemind,scout,vera,opus,,,,1821741,complete
2026-05-15,agilemind,scout,ivy,sonnet,,,,5473,complete
2026-05-19,off-celigo,scout,sage,haiku,,,,625195,complete
2026-05-19,homage,scout,vera,opus,,,,636134,complete
2026-05-19,homage,scout,rex,sonnet,,,,783728,complete
2026-05-19,homage,scout,ivy,sonnet,,,,416813,complete
2026-05-19,homage,scout,flo,opus,,,,1397476,complete
2026-05-19,homage,scout,hawk,opus,,,,1283472,complete
